Dist_Nm,Stat_Nm,state_d,dstrct_,Longitd,Lattitd
Dadra & Nagar Haveli,DADRA & NAGAR HAVE,31,3101,73.071524960000005,20.193088220000000
Daman,DAMAN & DIU,32,3201,72.858918500000001,20.413944560000001
Diu,DAMAN & DIU,32,3202,70.937643589999993,20.719564559999998
North  & Middle Andaman,ANDAMAN & NICOBAR,29,2903,92.828846909999996,12.602821680000000
South Andaman,ANDAMAN & NICOBAR,29,2901,92.670661620000004,11.852888410000000
Nicobars,ANDAMAN & NICOBAR,29,2902,93.798827459999998,7.026868599000000
Srikakulam,ANDHRA PRADESH,1,119,84.024008949999995,18.598784590000001
Vizianagaram,ANDHRA PRADESH,1,121,83.384834209999994,18.474821020000000
Visakhapatnam,ANDHRA PRADESH,1,120,82.693779539999994,17.894185740000001
Krishna,ANDHRA PRADESH,1,110,80.797656219999993,16.556572330000002
Guntur,ANDHRA PRADESH,1,106,80.078797640000005,16.293193570000000
East Godavari,ANDHRA PRADESH,1,105,81.896771430000001,17.269196999999998
Prakasam,ANDHRA PRADESH,1,117,79.515636499999999,15.616118250000000
Kurnool,ANDHRA PRADESH,1,111,77.999413750000002,15.531983670000001
Anantapur,ANDHRA PRADESH,1,102,77.573149630000003,14.481247099999999
Sri Potti Sriramulu Nell*,ANDHRA PRADESH,1,115,79.739147709999997,14.418465590000000
West Godavari,ANDHRA PRADESH,1,123,81.383897540000007,16.936673540000001
Y.S.R.,ANDHRA PRADESH,1,104,78.780409610000007,14.463798180000000
Chittoor,ANDHRA PRADESH,1,103,79.005976059999995,13.464999120000000
Upper Subansiri,ARUNACHAL PRADESH,2,213,93.932611589999993,28.291276400000001
Anjaw,ARUNACHAL PRADESH,2,216,96.825087659999994,28.066011199999998
Changlang,ARUNACHAL PRADESH,2,201,96.340979950000005,27.363256300000000
Tawang,ARUNACHAL PRADESH,2,209,91.950486839999996,27.662263950000000
Papum Pare,ARUNACHAL PRADESH,2,208,93.593095349999999,27.289639290000000
Tirap,ARUNACHAL PRADESH,2,210,95.531813049999997,27.027770459999999
East Siang,ARUNACHAL PRADESH,2,203,95.355231709999998,28.043647730000000
Lohit,ARUNACHAL PRADESH,2,205,96.275909850000005,27.906172919999999
Kurung Kumey,ARUNACHAL PRADESH,2,204,93.202136249999995,28.013609939999998
Lower Subansiri,ARUNACHAL PRADESH,2,207,93.787441569999999,27.562033520000000
East Kameng,ARUNACHAL PRADESH,2,202,92.922634919999993,27.585511629999999
West Kameng,ARUNACHAL PRADESH,2,214,92.390232089999998,27.297839860000000
Kra Daadi,ARUNACHAL PRADESH,2,221,93.694360259999996,28.002313740000002
Namsai,ARUNACHAL PRADESH,2,218,96.043397339999999,27.701193379999999
Longding,ARUNACHAL PRADESH,2,217,95.327874240000000,26.855208540000000
Upper Siang,ARUNACHAL PRADESH,2,212,94.915294459999998,28.833725999999999
Lower Siang,ARUNACHAL PRADESH,2,223,94.684774430000004,27.768993230000000
Upper Dibang Valley,ARUNACHAL PRADESH,2,211,95.909515139999996,28.861737470000001
Lower Dibang Valley,ARUNACHAL PRADESH,2,206,95.840253660000002,28.250071819999999
Siang,ARUNACHAL PRADESH,2,219,94.811383359999994,28.404400429999999
Shi Yomi,ARUNACHAL PRADESH,2,225,94.259164790000000,28.678602590000001
Pakke Kessang,ARUNACHAL PRADESH,2,224,93.035665240000000,27.105281439999999
West Siang,ARUNACHAL PRADESH,2,215,94.624541429999994,28.158716960000000
Lepa Rada,ARUNACHAL PRADESH,2,222,94.732930780000004,27.926407999999999
Kamle,ARUNACHAL PRADESH,2,220,94.090877649999996,27.729727820000001
Tinsukia,ASSAM,3,323,95.619562669999993,27.579985170000000
Dhemaji,ASSAM,3,305,94.775213460000003,27.589854559999999
Dibrugarh,ASSAM,3,307,95.053100360000002,27.366873999999999
Lakhimpur,ASSAM,3,316,94.140646070000003,27.173970680000000
Sivasagar,ASSAM,3,321,94.660050350000006,26.970188940000000
Jorhat,ASSAM,3,311,94.263960589999996,26.710917429999999
Sonitpur,ASSAM,3,322,92.698954029999996,26.756606120000001
Golaghat,ASSAM,3,309,93.835031099999995,26.475307040000001
Udalguri,ASSAM,3,327,92.031523230000005,26.730127440000000
Chirang,ASSAM,3,325,90.599449809999996,26.659905100000000
Baksa,ASSAM,3,324,91.352782239999996,26.660799140000002
Nagaon,ASSAM,3,318,92.753596180000002,26.362338730000001
Kokrajhar,ASSAM,3,315,90.117132549999994,26.493510820000001
Darrang,ASSAM,3,304,92.029491590000006,26.447655690000001
Barpeta,ASSAM,3,301,91.004653529999999,26.340275869999999
Nalbari,ASSAM,3,319,91.382440570000000,26.370656409999999
Morigaon,ASSAM,3,317,92.284081119999996,26.281789509999999
Kamrup,ASSAM,3,313,91.414575180000000,26.099817699999999
Bongaigaon,ASSAM,3,302,90.619656530000000,26.359985490000000
Dhubri,ASSAM,3,306,90.033386419999999,26.166904440000000
Kamrup Metropolitan,ASSAM,3,326,91.887739139999994,26.129915489999998
Goalpara,ASSAM,3,308,90.605218489999999,26.051796540000002
Dima Hasao,ASSAM,3,320,93.030859930000005,25.377888550000002
Cachar,ASSAM,3,303,92.854668399999994,24.812498399999999
Karimganj,ASSAM,3,314,92.376942099999994,24.576218810000000
Hailakandi,ASSAM,3,310,92.587701659999993,24.497148060000001
Charaideo,ASSAM,3,330,95.045806519999999,27.062891820000001
Majuli,ASSAM,3,332,94.292351900000000,26.999146620000001
Biswanath,ASSAM,3,329,93.383068280000003,26.829043089999999
Hojai,ASSAM,3,331,92.979925910000006,25.978135829999999
South Salmara Mancachar,ASSAM,3,333,89.962352359999997,25.817823220000001
Karbi Anglong,ASSAM,3,312,93.404772589999993,26.156846930000000
West Karbi Anglong,ASSAM,3,334,92.532940819999993,25.849999310000001
Pashchim Champaran,BIHAR,4,425,84.338474129999994,27.080504149999999
Purba Champaran,BIHAR,4,427,84.922129799999993,26.618355030000000
Sitamarhi,BIHAR,4,435,85.552261130000005,26.585183480000001
Sheohar,BIHAR,4,434,85.301482489999998,26.497729939999999
Gopalganj,BIHAR,4,411,84.374160130000007,26.444117439999999
Samastipur,BIHAR,4,431,85.865047460000000,25.773698650000000
Katihar,BIHAR,4,415,87.640312330000000,25.549529889999999
Khagaria,BIHAR,4,416,86.601462089999998,25.511010020000001
Bhojpur,BIHAR,4,407,84.539512369999997,25.474313779999999
Buxar,BIHAR,4,408,84.093887789999997,25.486860329999999
Darbhanga,BIHAR,4,409,86.055241640000006,26.084619719999999
Saharsa,BIHAR,4,430,86.590785589999996,25.814292020000000
Kaimur (bhabua),BIHAR,4,414,83.605735530000004,24.992147249999999
Rohtas,BIHAR,4,429,84.025994240000003,24.979600439999999
Jamui,BIHAR,4,413,86.292996639999998,24.784708899999998
Banka,BIHAR,4,404,86.837627019999999,24.854357910000001
Nawada,BIHAR,4,424,85.589910730000000,24.811004510000000
Gaya,BIHAR,4,410,84.934200910000001,24.696758740000000
Munger,BIHAR,4,421,86.525782050000004,25.210134679999999
Vaishali,BIHAR,4,438,85.366993930000007,25.767660169999999
Begusarai,BIHAR,4,405,86.129742690000000,25.496770569999999
Bhagalpur,BIHAR,4,406,87.082702019999999,25.269534029999999
Lakhisarai,BIHAR,4,418,86.136987239999996,25.162016950000002
Sheikhpura,BIHAR,4,433,85.839004489999994,25.126103749999999
Arwal,BIHAR,4,402,84.677095919999999,25.162891660000000
Jehanabad,BIHAR,4,412,85.016693579999995,25.155161620000001
Nalanda,BIHAR,4,423,85.447967219999995,25.218639000000000
Patna,BIHAR,4,426,85.226789929999995,25.455266989999998
Saran,BIHAR,4,432,84.826150429999998,25.903732070000000
Siwan,BIHAR,4,436,84.386132910000001,26.161589859999999
Muzaffarpur,BIHAR,4,422,85.329068109999994,26.152262140000001
Madhepura,BIHAR,4,419,86.898088560000005,25.821929340000001
Araria,BIHAR,4,401,87.362164170000000,26.198243340000001
Supaul,BIHAR,4,437,86.807884389999998,26.244716990000001
Madhubani,BIHAR,4,420,86.221780730000006,26.402317470000000
Purnia,BIHAR,4,428,87.403933120000005,25.814789850000000
Kishanganj,BIHAR,4,417,87.940099050000001,26.298693130000000
Aurangabad,BIHAR,4,403,84.408492570000007,24.790637969999999
Chandigarh,CHANDIGARH,30,3001,76.780504010000001,30.729349599999999
Mahasamund,CHHATTISGARH,5,512,82.608246100000002,21.207724620000000
Uttar Bastar Kanker,CHHATTISGARH,5,509,81.122808590000005,20.137644370000000
Narayanpur,CHHATTISGARH,5,518,81.085834390000002,19.570220580000001
Dakshin Bastar Dantewada,CHHATTISGARH,5,503,81.377714940000004,18.863718500000001
Bastar,CHHATTISGARH,5,501,81.867922829999998,19.081995240000001
Kondagaon,CHHATTISGARH,5,523,81.664907529999994,19.745784669999999
Gariaband,CHHATTISGARH,5,522,82.234848270000001,20.448686160000001
Raipur,CHHATTISGARH,5,514,81.820072609999997,21.285839100000000
Durg,CHHATTISGARH,5,505,81.383265289999997,21.220368850000000
Dhamtari,CHHATTISGARH,5,504,81.809064570000004,20.555243409999999
Balod,CHHATTISGARH,5,519,81.188561320000005,20.741571870000001
Koriya,CHHATTISGARH,5,511,82.234926470000005,23.470016900000001
Jashpur,CHHATTISGARH,5,507,83.862443119999995,22.801189520000001
Korba,CHHATTISGARH,5,510,82.608656510000003,22.534371870000001
Kabeerdham,CHHATTISGARH,5,508,81.222377739999999,22.092529100000000
Janjgir - Champa,CHHATTISGARH,5,506,82.734172720000004,21.928352260000000
Bametara,CHHATTISGARH,5,528,81.524069999999995,21.708569770000000
Rajnandgaon,CHHATTISGARH,5,515,80.820126709999997,21.039714230000001
Surajpur,CHHATTISGARH,5,526,82.883461659999995,23.402159609999998
Baloda Bazar,CHHATTISGARH,5,520,82.327492590000006,21.582072980000000
Mungeli,CHHATTISGARH,5,524,81.730268679999995,22.240697980000000
Surguja,CHHATTISGARH,5,516,83.227130140000000,22.928539260000001
Balrampur,CHHATTISGARH,5,527,83.500573250000002,23.592945090000001
Bijapur,CHHATTISGARH,5,517,80.775948479999997,18.842528560000002
Raigarh,CHHATTISGARH,5,513,83.303429870000002,22.085057060000000
Bilaspur,CHHATTISGARH,5,502,82.073409220000002,22.405528120000000
Sukma,CHHATTISGARH,5,525,81.347048189999995,18.255910790000001
North,DELHI,33,3304,77.108382620000000,28.794270839999999
North East,DELHI,33,3305,77.256644010000002,28.718755410000000
West,DELHI,33,3309,77.065497199999996,28.656077849999999
East,DELHI,33,3302,77.295819750000007,28.619985660000001
South West,DELHI,33,3308,76.966746729999997,28.576323259999999
Central,DELHI,33,3301,77.215507639999998,28.694396050000002
New Delhi,DELHI,33,3303,77.147394019999993,28.577351019999998
South,DELHI,33,3307,77.190793510000006,28.482702020000001
Shahdara,DELHI,33,3310,77.297395409999993,28.677321809999999
South East,DELHI,33,3307,77.274090909999998,28.543337359999999
North West,DELHI,33,3306,77.041760719999999,28.726881890000001
North Goa,GOA,6,601,73.973497260000002,15.580873110000001
South Goa,GOA,6,602,74.106567260000006,15.221928460000001
Valsad,GUJARAT,7,725,73.118991010000002,20.418078829999999
Amreli,GUJARAT,7,702,71.250911610000003,21.424007440000000
The Dangs,GUJARAT,7,723,73.698367320000003,20.798434480000001
Banas Kantha,GUJARAT,7,704,72.026138300000000,24.287408610000000
Patan,GUJARAT,7,717,71.758482599999994,23.770383790000000
Mahesana,GUJARAT,7,713,72.466389789999994,23.610522150000001
Gandhinagar,GUJARAT,7,708,72.695385479999999,23.254926179999998
Ahmadabad,GUJARAT,7,701,72.246376020000000,22.785273050000001
Panch Mahals,GUJARAT,7,716,73.625735309999996,22.719956509999999
Dohad,GUJARAT,7,707,74.113169360000001,22.862028500000001
Vadodara,GUJARAT,7,724,73.242457840000000,22.248071660000001
Bharuch,GUJARAT,7,705,72.933135910000004,21.786889670000001
Porbandar,GUJARAT,7,718,69.777413359999997,21.655132670000000
Narmada,GUJARAT,7,714,73.644894550000004,21.736943900000000
Surat,GUJARAT,7,721,73.074740629999994,21.266971550000001
Tapi,GUJARAT,7,726,73.626617010000004,21.191255790000000
Aravalli,GUJARAT,7,727,73.328239589999995,23.468352299999999
Botad,GUJARAT,7,728,71.698933629999999,22.116535920000000
Chota Udaipur,GUJARAT,7,729,73.873380260000005,22.219394390000001
Mahisagar,GUJARAT,7,732,73.647066140000007,23.187630129999999
Gir Somnath,GUJARAT,7,731,70.776092919999996,20.965546010000001
Sabar Kantha,GUJARAT,7,720,73.032680819999996,23.807252049999999
Kachchh,GUJARAT,7,711,69.919730549999997,23.628307820000000
Surendranagar,GUJARAT,7,722,71.593697329999998,22.764845820000001
Rajkot,GUJARAT,7,719,70.745188150000004,22.021211980000000
Kheda,GUJARAT,7,712,72.951632250000003,22.837455630000001
Anand,GUJARAT,7,703,72.787047349999995,22.459591260000000
Bhavnagar,GUJARAT,7,706,71.893562669999994,21.570797710000001
Junagadh,GUJARAT,7,710,70.412728599999994,21.372075639999998
Jamnagar,GUJARAT,7,709,70.209588040000000,22.332033939999999
Devbhumi Dwarka,GUJARAT,7,730,69.464297930000001,22.120959270000000
Morbi,GUJARAT,7,733,70.911286550000000,22.836892700000000
Navsari,GUJARAT,7,715,73.091703449999997,20.815768580000000
Jhajjar,HARYANA,8,807,76.651962400000002,28.604985910000000
Gurugram,HARYANA,8,805,76.939824819999998,28.369132770000000
Faridabad,HARYANA,8,803,77.346901140000000,28.348477880000001
Mahendragarh,HARYANA,8,812,76.138372129999993,28.171105870000002
Rewari,HARYANA,8,815,76.536607459999999,28.242778000000001
Nuh,HARYANA,8,825,77.049436679999999,27.985333160000000
Palwal,HARYANA,8,821,77.331917910000001,28.059855169999999
Charki Dadri,HARYANA,8,824,76.161342090000005,28.578893380000000
Yamunanagar,HARYANA,8,819,77.301107009999996,30.234076540000000
Kurukshetra,HARYANA,8,811,76.782872380000001,30.038282039999999
Kaithal,HARYANA,8,809,76.416426700000002,29.811550420000000
Sirsa,HARYANA,8,817,74.900713260000003,29.615587980000001
Karnal,HARYANA,8,810,76.896633210000005,29.687673539999999
Jind,HARYANA,8,808,76.306067659999997,29.435491249999998
Fatehabad,HARYANA,8,804,75.576896559999994,29.568839590000000
Hisar,HARYANA,8,806,75.822392690000001,29.211713870000001
Panipat,HARYANA,8,814,76.926536200000001,29.334084680000000
Sonipat,HARYANA,8,818,76.874746759999994,29.056578160000001
Bhiwani,HARYANA,8,802,75.890365299999999,28.778244090000001
Rohtak,HARYANA,8,816,76.529550090000001,28.911299750000001
Panchkula,HARYANA,8,813,76.976175269999999,30.682221169999998
Ambala,HARYANA,8,801,76.943077619999997,30.330619590000001
Lahul & Spiti,HIMACHAL PRADESH,9,906,77.617623730000005,32.480143519999999
Chamba,HIMACHAL PRADESH,9,911,76.350798490000003,32.674922930000001
Kangra,HIMACHAL PRADESH,9,909,76.315868100000003,32.108336289999997
Kullu,HIMACHAL PRADESH,9,907,77.399054410000005,31.902501600000001
Mandi,HIMACHAL PRADESH,9,905,76.991465180000006,31.637078840000001
Kinnaur,HIMACHAL PRADESH,9,908,78.404595580000006,31.599328969999998
Una,HIMACHAL PRADESH,9,901,76.209729589999995,31.579337110000001
Shimla,HIMACHAL PRADESH,9,904,77.631681220000004,31.197405719999999
Solan,HIMACHAL PRADESH,9,902,76.909616720000002,31.045240280000002
Sirmaur,HIMACHAL PRADESH,9,903,77.430618989999999,30.666771839999999
Hamirpur,HIMACHAL PRADESH,9,910,76.525497869999995,31.667076600000001
Bilaspur,HIMACHAL PRADESH,9,912,76.670169740000006,31.371011859999999
Kupwara,JAMMU & KASHMIR,10,1008,74.203760099999997,34.523139909999998
Bandipore,JAMMU & KASHMIR,10,1016,74.874619530000004,34.490949669999999
Baramula,JAMMU & KASHMIR,10,1003,74.308829950000003,34.165182489999999
Ganderbal,JAMMU & KASHMIR,10,1017,75.024893169999999,34.282359970000002
Anantnag,JAMMU & KASHMIR,10,1001,75.321285110000005,33.826712389999997
Kishtwar,JAMMU & KASHMIR,10,1018,75.966228790000002,33.553033630000002
Srinagar,JAMMU & KASHMIR,10,1013,74.926752879999995,34.115911560000001
Badgam,JAMMU & KASHMIR,10,1002,74.639725729999995,33.925235909999998
Pulwama,JAMMU & KASHMIR,10,1010,75.016765120000002,33.940227180000001
Punch,JAMMU & KASHMIR,10,1011,74.013745389999997,33.803001230000000
Shupiyan,JAMMU & KASHMIR,10,1023,74.818261120000003,33.733074369999997
Kulgam,JAMMU & KASHMIR,10,1019,74.842892660000004,33.602850979999999
Rajouri,JAMMU & KASHMIR,10,1012,74.380414070000000,33.273059549999999
Ramban,JAMMU & KASHMIR,10,1020,75.194837980000003,33.322688759999998
Reasi,JAMMU & KASHMIR,10,1021,74.841156609999999,33.229415439999997
Doda,JAMMU & KASHMIR,10,1004,75.707061249999995,33.090221489999998
Jammu,JAMMU & KASHMIR,10,1005,74.748815420000000,32.798098359999997
Kathua,JAMMU & KASHMIR,10,1007,75.589445139999995,32.576545619999997
Udhampur,JAMMU & KASHMIR,10,1014,75.303559919999998,32.894932580000003
Samba,JAMMU & KASHMIR,10,1022,75.094888960000006,32.578791369999998
Muzaffarabad,JAMMU & KASHMIR,10,1024,73.923937100000003,34.595850210000002
Mirpur,JAMMU & KASHMIR,10,1025,73.928422949999998,33.252042770000003
Sahibganj,JHARKHAND,11,1120,87.677022669999999,25.009766290000002
Godda,JHARKHAND,11,1108,87.308176029999998,24.858797230000000
Pakur,JHARKHAND,11,1115,87.662131579999993,24.564243930000000
Giridih,JHARKHAND,11,1107,86.110137019999996,24.294172230000001
Dumka,JHARKHAND,11,1105,87.265749200000002,24.319492950000001
Deoghar,JHARKHAND,11,1103,86.738800929999996,24.328693560000001
Palamu,JHARKHAND,11,1116,84.166779669999997,24.202921329999999
Chatra,JHARKHAND,11,1102,84.887119229999996,24.173280710000000
Garhwa,JHARKHAND,11,1106,83.697614009999995,24.103757649999999
Jamtara,JHARKHAND,11,1111,86.907073310000001,23.975767510000001
Dhanbad,JHARKHAND,11,1104,86.471497009999993,23.827072210000001
Latehar,JHARKHAND,11,1113,84.441661920000001,23.718527000000002
Bokaro,JHARKHAND,11,1101,85.995991720000006,23.694894089999998
Ramgarh,JHARKHAND,11,1124,85.563449329999997,23.634516260000002
Ranchi,JHARKHAND,11,1119,85.373400110000006,23.329020040000000
Lohardaga,JHARKHAND,11,1114,84.669489799999994,23.475514799999999
Gumla,JHARKHAND,11,1109,84.531815580000000,23.102882480000002
Khunti,JHARKHAND,11,1123,85.261828449999996,22.993862790000001
Saraikela-kharsawan,JHARKHAND,11,1121,85.949594460000000,22.847621770000000
Purbi Singhbhum,JHARKHAND,11,1118,86.451067690000002,22.583490579999999
Pashchimi Singhbhum,JHARKHAND,11,1117,85.518284379999997,22.420786050000000
Simdega,JHARKHAND,11,1122,84.563780769999994,22.581779340000001
Kodarma,JHARKHAND,11,1112,85.665827140000005,24.499036570000001
Hazaribagh,JHARKHAND,11,1110,85.418695499999998,24.055459710000001
Bidar,KARNATAKA,12,1206,77.224814699999996,17.952196929999999
Kalaburagi,KARNATAKA,12,1215,76.869027149999994,17.260363529999999
Belagavi,KARNATAKA,12,1204,74.823813900000005,16.121044280000000
Yadgir,KARNATAKA,12,1230,76.912534699999995,16.626870260000000
Bagalkote,KARNATAKA,12,1201,75.625603839999997,16.221378049999998
Raichur,KARNATAKA,12,1223,76.891799520000006,16.090696690000001
Koppal,KARNATAKA,12,1220,76.221502520000001,15.562559240000001
Gadag,KARNATAKA,12,1214,75.665296589999997,15.431491299999999
Ballari,KARNATAKA,12,1205,76.532680650000003,15.110076760000000
Dharwad,KARNATAKA,12,1213,75.152350409999997,15.390209890000000
Uttara Kannada,KARNATAKA,12,1227,74.619686130000005,14.791506090000000
Haveri,KARNATAKA,12,1217,75.416519589999993,14.738869120000000
Chitradurga,KARNATAKA,12,1210,76.515224219999993,14.168629460000000
Davanagere,KARNATAKA,12,1212,75.954102129999995,14.408776670000000
Shivamogga,KARNATAKA,12,1224,75.220197139999996,14.043250660000000
Udupi,KARNATAKA,12,1226,74.872255129999999,13.498278750000001
Chikkamagaluru,KARNATAKA,12,1209,75.690661890000001,13.454680919999999
Chikkaballapura,KARNATAKA,12,1228,77.835225969999996,13.578041230000000
Hassan,KARNATAKA,12,1216,76.107837320000002,12.996472660000000
Kolar,KARNATAKA,12,1219,78.217843290000005,13.139732170000000
Bengaluru Rural,KARNATAKA,12,1202,77.574069989999998,13.227291760000000
Dakshina Kannada,KARNATAKA,12,1211,75.250775709999999,12.852894320000001
Bangalore,KARNATAKA,12,1203,77.593695560000000,12.951824710000000
Kodagu,KARNATAKA,12,1218,75.800839769999996,12.324923600000000
Chamarajanagara,KARNATAKA,12,1208,77.097620070000005,11.958303519999999
Tumakuru,KARNATAKA,12,1225,76.901454349999995,13.427312920000000
Ramanagara,KARNATAKA,12,1229,77.335345390000001,12.679201239999999
Mandya,KARNATAKA,12,1221,76.796978890000005,12.611994420000000
Mysuru,KARNATAKA,12,1222,76.441060949999994,12.210707070000000
Vijayapura,KARNATAKA,12,517,75.952878970000000,16.794495240000000
Kasaragod,KERALA,13,1305,75.152236189999996,12.462309210000001
Wayanad,KERALA,13,1314,76.097693530000001,11.712175510000000
Kozhikode,KERALA,13,1308,75.833681619999993,11.485345100000000
Malappuram,KERALA,13,1309,76.154904770000002,11.133501130000001
Palakkad,KERALA,13,1310,76.556830000000005,10.794820970000000
Thrissur,KERALA,13,1313,76.314947610000004,10.471638970000001
Idukki,KERALA,13,1303,77.056821220000003,9.839687809999999
Ernakulam,KERALA,13,1302,76.546353159999995,10.084120550000000
Alappuzha,KERALA,13,1301,76.447761749999998,9.427366184000000
Kottayam,KERALA,13,1307,76.650548459999996,9.637187224000000
Pathanamthitta,KERALA,13,1311,76.927031069999998,9.284721234999999
Kollam,KERALA,13,1306,76.873095939999999,8.961812432000000
Thiruvananthapuram,KERALA,13,1312,77.013107739999995,8.609229579000001
Kannur,KERALA,13,1304,75.524133160000005,12.000020940000001
Leh,JAMMU & KASHMIR,10,1009,76.805712589999999,35.036147049999997
Kargil,JAMMU & KASHMIR,10,1006,76.507503600000007,33.886224089999999
Lakshadweep,LAKSHADWEEP,34,3401,73.677950600000003,10.811545199999999
Burhanpur,MADHYA PRADESH,14,1408,76.368619179999996,21.370284840000000
Morena,MADHYA PRADESH,14,1427,77.867840990000005,26.412896060000001
Bhind,MADHYA PRADESH,14,1406,78.721268089999995,26.422161520000000
Gwalior,MADHYA PRADESH,14,1417,78.146084450000004,26.039585850000002
Sheopur,MADHYA PRADESH,14,1441,77.006980810000002,25.754268710000002
Shivpuri,MADHYA PRADESH,14,1442,77.804960440000002,25.365547459999998
Tikamgarh,MADHYA PRADESH,14,1444,79.015801850000003,24.882798019999999
Neemuch,MADHYA PRADESH,14,1429,75.141926229999996,24.592109900000001
Rewa,MADHYA PRADESH,14,1434,81.587361880000003,24.755313380000000
Satna,MADHYA PRADESH,14,1436,80.831338819999999,24.531000700000000
Guna,MADHYA PRADESH,14,1416,77.198605150000006,24.556040480000000
Ashoknagar,MADHYA PRADESH,14,1402,77.875355240000005,24.609381039999999
Mandsaur,MADHYA PRADESH,14,1426,75.405368569999993,24.204387380000000
Singrauli,MADHYA PRADESH,14,1450,82.418718760000004,24.215070870000002
Sidhi,MADHYA PRADESH,14,1443,81.833812260000002,24.220709159999998
Sagar,MADHYA PRADESH,14,1435,78.759659249999999,23.849975520000001
Damoh,MADHYA PRADESH,14,1411,79.526837889999996,23.812353229999999
Shajapur,MADHYA PRADESH,14,1440,76.575499019999995,23.365785830000000
Vidisha,MADHYA PRADESH,14,1447,77.812978990000005,23.892365359999999
Rajgarh,MADHYA PRADESH,14,1432,76.732424069999993,23.861206500000002
Shahdol,MADHYA PRADESH,14,1439,81.473647029999995,23.629251510000000
Katni,MADHYA PRADESH,14,1423,80.403083269999996,23.753166759999999
Umaria,MADHYA PRADESH,14,1446,80.973678469999996,23.562490900000000
Ratlam,MADHYA PRADESH,14,1433,75.088548040000006,23.502316919999998
Bhopal,MADHYA PRADESH,14,1407,77.390769680000005,23.470135480000000
Ujjain,MADHYA PRADESH,14,1445,75.669201389999998,23.330989230000000
Raisen,MADHYA PRADESH,14,1431,78.120599740000003,23.220047590000000
Sehore,MADHYA PRADESH,14,1437,77.127446910000003,22.987609859999999
Jabalpur,MADHYA PRADESH,14,1421,79.975884050000005,23.234196090000001
Dewas,MADHYA PRADESH,14,1413,76.456882480000004,22.744163000000000
Anuppur,MADHYA PRADESH,14,1401,81.682419569999993,23.056632040000000
Jhabua,MADHYA PRADESH,14,1422,74.671586079999997,22.892345930000001
Dindori,MADHYA PRADESH,14,1415,81.051290280000003,22.889770609999999
Narsimhapur,MADHYA PRADESH,14,1428,79.087896299999997,22.936241809999999
Dhar,MADHYA PRADESH,14,1414,75.103846910000001,22.498020669999999
Indore,MADHYA PRADESH,14,1420,75.782384219999997,22.713059540000000
Mandla,MADHYA PRADESH,14,1425,80.511978929999998,22.639160669999999
Hoshangabad,MADHYA PRADESH,14,1419,77.990698839999993,22.590649719999998
Seoni,MADHYA PRADESH,14,1438,79.689148399999993,22.316931850000000
Alirajpur,MADHYA PRADESH,14,1449,74.363713939999997,22.314642159999998
Chhindwara,MADHYA PRADESH,14,1410,78.854225380000003,22.122376150000001
Harda,MADHYA PRADESH,14,1418,77.123013299999997,22.232701450000000
West Nimar,MADHYA PRADESH,14,1448,75.771303090000004,21.918733629999998
East Nimar,MADHYA PRADESH,14,1424,76.568240029999998,21.934934630000001
Balaghat,MADHYA PRADESH,14,1403,80.359439370000004,21.880620010000001
Barwani,MADHYA PRADESH,14,1405,75.021085249999999,21.788091909999999
Agar Malwa,MADHYA PRADESH,14,1451,76.088547019999993,23.814773729999999
Datia,MADHYA PRADESH,14,1412,78.612840610000006,25.840462230000000
Chhatarpur,MADHYA PRADESH,14,1409,79.664717560000000,24.799251720000001
Panna,MADHYA PRADESH,14,1430,80.187955560000006,24.416435310000001
Betul,MADHYA PRADESH,14,1404,77.871926180000003,21.878644909999998
Niwari,MADHYA PRADESH,14,1455,78.748876550000006,25.284981129999998
Gondiya,MAHARASHTRA,15,1511,80.211550509999995,21.159048500000001
Bhandara,MAHARASHTRA,15,1505,79.758667520000003,21.122129149999999
Jalgaon,MAHARASHTRA,15,1514,75.487316660000005,20.933911720000001
Wardha,MAHARASHTRA,15,1533,78.585837470000001,20.797067970000001
Buldana,MAHARASHTRA,15,1507,76.407281690000005,20.510897020000002
Akola,MAHARASHTRA,15,1502,77.054945160000003,20.747791459999998
Nashik,MAHARASHTRA,15,1522,74.070689810000005,20.259672490000000
Gadchiroli,MAHARASHTRA,15,1510,80.240589540000002,19.788031910000001
Washim,MAHARASHTRA,15,1534,77.216724380000002,20.234408370000001
Chandrapur,MAHARASHTRA,15,1508,79.440217790000005,20.118294700000000
Yavatmal,MAHARASHTRA,15,1535,78.161006740000005,20.083281670000002
Jalna,MAHARASHTRA,15,1515,75.980746269999997,19.807501469999998
Ahmadnagar,MAHARASHTRA,15,1501,74.675289179999993,19.205255770000001
Hingoli,MAHARASHTRA,15,1513,77.101303720000004,19.620062239999999
Nanded,MAHARASHTRA,15,1520,77.617565679999998,19.111976540000001
Parbhani,MAHARASHTRA,15,1524,76.678136890000005,19.270989560000000
Pune,MAHARASHTRA,15,1525,74.068018649999999,18.570952999999999
Bid,MAHARASHTRA,15,1506,75.838162550000007,18.946492490000001
Mumbai,MAHARASHTRA,15,1512,72.851654049999993,18.961469540000000
Latur,MAHARASHTRA,15,1517,76.759967070000002,18.373985709999999
Osmanabad,MAHARASHTRA,15,1523,76.037571869999994,18.188358399999998
Solapur,MAHARASHTRA,15,1531,75.483027680000006,17.790792530000001
Satara,MAHARASHTRA,15,1529,74.172472020000001,17.669614500000002
Ratnagiri,MAHARASHTRA,15,1527,73.454960389999997,17.273215820000001
Sangli,MAHARASHTRA,15,1528,74.767930350000000,17.113533430000000
Kolhapur,MAHARASHTRA,15,1516,74.158639449999995,16.469762060000001
Sindhudurg,MAHARASHTRA,15,1530,73.739084370000000,16.132684070000000
Thane,MAHARASHTRA,15,1532,73.321046190000004,19.360981649999999
Palghar,MAHARASHTRA,15,1536,73.018559679999996,19.793644520000001
Nandurbar,MAHARASHTRA,15,1521,74.216256450000003,21.549746989999999
Amravati,MAHARASHTRA,15,1503,77.570295450000003,21.187214370000000
Dhule,MAHARASHTRA,15,1509,74.600306959999998,21.110297620000001
Nagpur,MAHARASHTRA,15,1519,79.084838640000001,21.178028149999999
Aurangabad,MAHARASHTRA,15,403,75.280803559999995,20.028892190000001
Raigarh,MAHARASHTRA,15,513,73.217768930000005,18.520477110000002
Mumbai Suburban,MAHARASHTRA,15,1518,72.884606190000000,19.131503270000000
Kamjong,MANIPUR,16,1613,94.432640770000006,24.822073320000001
Senapati,MANIPUR,16,1606,94.127246819999996,25.398021220000000
Tamenglong,MANIPUR,16,1607,93.555892259999993,25.047485429999998
Imphal West,MANIPUR,16,1605,93.868403319999999,24.771605550000000
Kakching,MANIPUR,16,1612,93.918439469999996,24.444998399999999
Bishnupur,MANIPUR,16,1601,93.798938300000003,24.537809280000001
Chandel,MANIPUR,16,1602,94.013983580000001,24.139504020000000
Churachandpur,MANIPUR,16,1603,93.602867610000004,24.280043840000001
Imphal East,MANIPUR,16,1604,94.008549400000007,24.825787580000000
Jiribam,MANIPUR,16,1611,93.151556180000000,24.671977660000000
Kangpokpi,MANIPUR,16,1610,93.973703950000001,25.018447080000001
Thoubal,MANIPUR,16,1608,94.012013220000000,24.620886500000001
Tengnoupal,MANIPUR,16,1616,94.224673260000003,24.425799710000000
Ukhrul,MANIPUR,16,1609,94.427091020000006,25.230458599999999
Noney,MANIPUR,16,1614,93.481098230000001,24.678043819999999
Pherzawl,MANIPUR,16,1615,93.222704149999998,24.303174859999999
Ribhoi,MEGHALAYA,17,1704,91.885888390000005,25.871329859999999
West Khasi Hills,MEGHALAYA,17,1707,91.262801010000004,25.604995910000000
East Jaintia Hills,MEGHALAYA,17,3505,92.469079469999997,25.258433870000001
East Khasi Hills,MEGHALAYA,17,1702,91.797254420000002,25.381487379999999
South Garo Hills,MEGHALAYA,17,1705,90.582191550000005,25.301996930000001
West Garo Hills,MEGHALAYA,17,1706,90.196331709999995,25.653280720000001
East Garo Hills,MEGHALAYA,17,1701,90.631219700000003,25.624352590000001
West Jaintia Hills,MEGHALAYA,17,1709,92.285463190000002,25.482736800000001
South West Khasi Hills,MEGHALAYA,17,1710,91.243180210000006,25.321068470000000
North Garo Hills,MEGHALAYA,17,3507,90.664792410000004,25.855828960000000
South West Garo Hills,MEGHALAYA,17,1708,89.993128740000003,25.445627630000001
Kolasib,MIZORAM,18,1803,92.725493369999995,24.160642549999999
Aizawl,MIZORAM,18,1801,92.896217730000004,23.805130920000000
Mamit,MIZORAM,18,1806,92.463348949999997,23.754628919999998
Champhai,MIZORAM,18,1802,93.234752830000005,23.531021460000002
Serchhip,MIZORAM,18,1808,92.955979940000006,23.266857680000001
Lunglei,MIZORAM,18,1805,92.718726980000000,22.973031349999999
Saiha,MIZORAM,18,1807,93.001905980000004,22.280389029999998
Lawngtlai,MIZORAM,18,1804,92.774106110000005,22.437867600000001
Mon,NAGALAND,19,1906,95.017851899999997,26.684186740000001
Longleng,NAGALAND,19,1904,94.797503399999997,26.558862609999998
Mokokchung,NAGALAND,19,1905,94.529029690000002,26.472398349999999
Tuensang,NAGALAND,19,1909,94.887495720000004,26.176601510000001
Kiphire,NAGALAND,19,1902,94.823633569999998,25.847151910000001
Peren,NAGALAND,19,1907,93.615211830000007,25.492854510000001
Wokha,NAGALAND,19,1910,94.198268229999996,26.196227230000002
Zunheboto,NAGALAND,19,1911,94.486249029999996,26.003129869999999
Phek,NAGALAND,19,1908,94.531986790000005,25.648773559999999
Kohima,NAGALAND,19,1903,94.110398860000004,25.770469720000001
Dimapur,NAGALAND,19,1901,93.794918109999998,25.776053120000000
Bhadrak,ODISHA,20,2006,86.625126589999994,20.982950819999999
Dhenkanal,ODISHA,20,2009,85.523993550000000,20.826907389999999
Jajapur,ODISHA,20,2013,86.148888450000001,20.856313910000001
Subarnapur,ODISHA,20,2029,83.822449879999994,20.930869990000001
Nuapada,ODISHA,20,2024,82.577256239999997,20.465219999999999
Balangir,ODISHA,20,2002,83.172145080000007,20.589109709999999
Baudh,ODISHA,20,2005,84.173005029999999,20.644306600000000
Cuttack,ODISHA,20,2007,85.696755420000002,20.453162970000001
Kandhamal,ODISHA,20,2016,84.045975839999997,20.128061840000001
Nayagarh,ODISHA,20,2025,84.997933130000007,20.213181389999999
Khordha,ODISHA,20,2019,85.515040249999998,20.090945290000001
Kalahandi,ODISHA,20,2015,83.108003409999995,19.867582160000001
Jagatsinghapur,ODISHA,20,2012,86.335522800000007,20.219092860000000
Puri,ODISHA,20,2026,85.725578530000007,19.879046180000000
Nabarangapur,ODISHA,20,2023,82.334490729999999,19.576576719999998
Rayagada,ODISHA,20,2027,83.512406940000005,19.363944870000001
Koraput,ODISHA,20,2020,82.718340839999996,18.813502090000000
Malkangiri,ODISHA,20,2021,81.950281559999993,18.258910100000001
Anugul,ODISHA,20,2001,84.905627859999996,20.986730580000000
Kendrapara,ODISHA,20,2017,86.612233489999994,20.553134579999998
Ganjam,ODISHA,20,2011,84.672706360000006,19.624975190000001
Gajapati,ODISHA,20,2010,84.161107220000005,19.185621290000000
Mayurbhanj,ODISHA,20,2022,86.409222470000003,21.895684459999998
Sundargarh,ODISHA,20,2030,84.508898810000005,22.080415349999999
Kendujhar,ODISHA,20,2018,85.703858650000001,21.537613289999999
Baleshwar,ODISHA,20,2003,86.913869890000001,21.491803170000001
Jharsuguda,ODISHA,20,2014,83.947546869999996,21.806402850000001
Bargarh,ODISHA,20,2004,83.349147700000003,21.219122290000001
Debagarh,ODISHA,20,2008,84.786295899999999,21.466754710000000
Sambalpur,ODISHA,20,2028,84.274422130000005,21.452101880000001
Puducherry,PUDUCHERRY,35,3503,79.767170759999999,11.915508150000001
Karaikal,PUDUCHERRY,35,3501,79.803421979999996,10.932809700000000
Mahe,PUDUCHERRY,35,3502,75.540186000000006,11.731627319999999
Yanam,PUDUCHERRY,35,3504,82.257074470000006,16.721935819999999
Gurdaspur,PUNJAB,21,2106,75.290944519999996,31.916626200000000
Hoshiarpur,PUNJAB,21,2107,75.857801089999995,31.625119200000000
Amritsar,PUNJAB,21,2101,74.899122079999998,31.705785550000002
Jalandhar,PUNJAB,21,2108,75.565716690000002,31.212661460000000
Tarn Taran,PUNJAB,21,2120,74.840692099999998,31.336691999999999
Rupnagar,PUNJAB,21,2116,76.487710030000002,31.061987259999999
Shahid Bhagat Singh Nagar,PUNJAB,21,2114,76.154207389999996,31.110195449999999
Fazilka,PUNJAB,21,2121,74.164506939999995,30.277673620000002
Moga,PUNJAB,21,2112,75.171917620000002,30.763186510000001
Ludhiana,PUNJAB,21,2110,75.833023670000003,30.805344649999999
Sahibzada Ajit Singh Nag*,PUNJAB,21,2119,76.739021980000004,30.681923000000001
Faridkot,PUNJAB,21,2103,74.778884599999998,30.613076050000000
Fatehgarh Sahib,PUNJAB,21,2104,76.376471390000006,30.641893060000001
Sri Muktsar Sahib,PUNJAB,21,2113,74.538417870000004,30.299829270000000
Sangrur,PUNJAB,21,2117,75.869062099999994,30.210978829999998
Barnala,PUNJAB,21,2118,75.498561140000007,30.387874730000000
Bathinda,PUNJAB,21,2102,75.038509329999997,30.183892929999999
Patiala,PUNJAB,21,2115,76.350740079999994,30.283325860000001
Mansa,PUNJAB,21,2111,75.436798740000000,29.909251460000000
Firozpur,PUNJAB,21,2105,74.703890799999996,30.914456240000000
Pathankot,PUNJAB,21,2122,75.616363649999997,32.296525910000000
Kapurthala,PUNJAB,21,2109,75.316246780000000,31.372722199999998
Churu,RAJASTHAN,22,2211,74.696325009999995,28.344810530000000
Jhunjhunun,RAJASTHAN,22,2221,75.550198260000002,28.091968450000000
Jaisalmer,RAJASTHAN,22,2218,70.900717830000005,27.075218820000000
Sikar,RAJASTHAN,22,2229,75.287876060000002,27.634152369999999
Alwar,RAJASTHAN,22,2202,76.601225139999997,27.591068780000001
Jaipur,RAJASTHAN,22,2217,75.718835100000007,26.976632760000001
Jodhpur,RAJASTHAN,22,2222,72.785400800000005,26.748035930000000
Bharatpur,RAJASTHAN,22,2206,77.276454540000003,27.247954409999998
Nagaur,RAJASTHAN,22,2225,74.175134200000002,27.066046690000000
Dausa,RAJASTHAN,22,2212,76.509596930000001,26.857637380000000
Karauli,RAJASTHAN,22,2223,76.958309659999998,26.522935210000000
Dhaulpur,RAJASTHAN,22,2213,77.702008629999995,26.680901819999999
Barmer,RAJASTHAN,22,2205,71.474573129999996,25.735083880000001
Sawai Madhopur,RAJASTHAN,22,2228,76.461087309999996,26.217662539999999
Tonk,RAJASTHAN,22,2231,75.666147409999994,26.148107560000000
Pali,RAJASTHAN,22,2226,73.519020409999996,25.707054370000002
Bhilwara,RAJASTHAN,22,2207,74.726590430000002,25.480932660000001
Jalor,RAJASTHAN,22,2219,72.211578919999994,25.099166550000000
Bundi,RAJASTHAN,22,2209,75.791746720000006,25.487633639999999
Kota,RAJASTHAN,22,2224,76.103992039999994,25.109429410000001
Sirohi,RAJASTHAN,22,2230,72.776771299999993,24.761857559999999
Baran,RAJASTHAN,22,2204,76.747743380000003,24.995256019999999
Udaipur,RAJASTHAN,22,2232,73.689414679999999,24.418641520000001
Jhalawar,RAJASTHAN,22,2220,76.193503509999999,24.336151610000002
Dungarpur,RAJASTHAN,22,2214,73.854214369999994,23.731387840000000
Banswara,RAJASTHAN,22,2203,74.364530549999998,23.477989650000001
Ajmer,RAJASTHAN,22,2201,74.793765080000000,26.245816580000000
Rajsamand,RAJASTHAN,22,2227,73.878280579999995,25.205901189999999
Chittaurgarh,RAJASTHAN,22,2210,74.585570579999995,24.816376210000001
Ganganagar,RAJASTHAN,22,2215,73.571245640000001,29.397029620000001
Hanumangarh,RAJASTHAN,22,822,74.561352040000003,29.265881140000001
Bikaner,RAJASTHAN,22,2208,73.174261119999997,28.177677039999999
Pratapgarh,RAJASTHAN,22,2233,74.650728900000004,24.029976420000001
North  District,SIKKIM,23,2302,88.528229850000002,27.743825749999999
West District,SIKKIM,23,2304,88.174587540000005,27.348608190000000
South District,SIKKIM,23,2303,88.382627159999998,27.286609980000001
East District,SIKKIM,23,2301,88.670993089999996,27.291918160000002
Adilabad,TELANGANA,36,101,78.566001779999993,19.519919640000001
Hyderabad,TELANGANA,36,107,78.470193550000005,17.395126670000000
Jagitial,TELANGANA,36,3632,78.875307809999995,18.832618400000001
Jangoan,TELANGANA,36,3633,79.274287900000004,17.734523970000001
Mulugu,TELANGANA,36,3641,80.337427989999995,18.289129590000002
Jogulamba Gadwal,TELANGANA,36,3635,77.781025560000003,16.071715520000001
Kamareddy,TELANGANA,36,3636,78.061708289999999,18.324816750000000
Karimnagar,TELANGANA,36,108,79.235224230000000,18.378839110000001
Khammam,TELANGANA,36,109,80.360804930000000,17.199662740000001
Kumuram Bheem Asifabad,TELANGANA,36,3654,79.416975989999997,19.358805480000001
Mahabubabad,TELANGANA,36,3638,79.983791940000003,17.668460750000001
Mahabubnagar,TELANGANA,36,3655,77.990327500000006,16.758595870000001
Mancherial,TELANGANA,36,3639,79.513972730000006,18.995837150000000
Medak,TELANGANA,36,113,78.259528739999993,17.955334959999998
Medchal Malkajgiri,TELANGANA,36,3640,78.557721839999999,17.544228839999999
Nagarkurnool,TELANGANA,36,3642,78.588246429999998,16.387979219999998
Nalgonda,TELANGANA,36,114,79.193085580000002,16.876554630000001
Nirmal,TELANGANA,36,3644,78.314963739999996,19.113182460000001
Nizamabad,TELANGANA,36,116,78.211388580000005,18.701606280000000
Peddapalli,TELANGANA,36,3645,79.452255530000002,18.621471320000001
Rajanna Sircilla,TELANGANA,36,3646,78.761380079999995,18.415903270000001
Ranga Reddy,TELANGANA,36,118,78.412532490000004,17.130979020000002
Sangareddy,TELANGANA,36,3647,77.875485920000003,17.783525680000000
Siddipet,TELANGANA,36,3648,78.848665199999999,18.010253310000000
Suryapet,TELANGANA,36,3649,79.754409530000004,17.080677760000000
Vikarabad,TELANGANA,36,3650,77.746046480000004,17.253938630000000
Wanaparthy,TELANGANA,36,3651,78.037548810000004,16.293980550000001
Warangal Rural,TELANGANA,36,122,79.746563190000003,17.919981960000001
Warangal Urban,TELANGANA,36,122,79.479534630000003,18.024899550000001
Yadadri Bhuvanagiri,TELANGANA,36,3652,78.980737610000006,17.452021899999998
Bhadradri Kothagudem,TELANGANA,36,3631,80.710217189999995,17.688041960000000
Jayashankar,TELANGANA,36,3634,79.925266489999998,18.502307869999999
Narayanpet,TELANGANA,36,3643,77.580338650000002,16.643306540000001
North Tripura,TRIPURA,25,2502,92.207214859999993,24.096488550000000
Dhalai,TRIPURA,25,2501,91.920312690000003,23.839489499999999
Sipahijala,TRIPURA,25,2507,91.329682539999993,23.586670009999999
Gomati,TRIPURA,25,2505,91.618931779999997,23.530063760000001
Khowai,TRIPURA,25,2506,91.654720409999996,23.947041370000001
West Tripura,TRIPURA,25,2504,91.396581670000003,23.887817399999999
South Tripura,TRIPURA,25,2503,91.587948630000000,23.191917000000000
Unokoti,TRIPURA,25,2508,92.040034079999998,24.193096300000001
Amroha,UTTAR PRADESH,26,2673,78.332231809999996,28.812686480000000
Hapur,UTTAR PRADESH,26,2674,77.893118689999994,28.722420679999999
Bareilly,UTTAR PRADESH,26,2613,79.431496100000004,28.458027749999999
Pilibhit,UTTAR PRADESH,26,2656,79.994605859999993,28.530735690000000
Bulandshahr,UTTAR PRADESH,26,2617,78.014746459999998,28.362584340000002
Gautam Buddha Nagar,UTTAR PRADESH,26,2627,77.555962519999994,28.394082109999999
Kheri,UTTAR PRADESH,26,2642,80.666923690000004,28.120920009999999
Budaun,UTTAR PRADESH,26,2616,79.041571370000000,28.077889949999999
Bahraich,UTTAR PRADESH,26,2608,81.492585199999994,27.698491069999999
Shahjahanpur,UTTAR PRADESH,26,2663,79.822084099999998,27.950801070000001
Aligarh,UTTAR PRADESH,26,2602,78.065223300000000,27.926446250000001
Kasganj,UTTAR PRADESH,26,2676,78.846066250000007,27.773349069999998
Mathura,UTTAR PRADESH,26,2650,77.625916930000002,27.597467470000002
Shrawasti,UTTAR PRADESH,26,2664,81.903458090000001,27.718379389999999
Sitapur,UTTAR PRADESH,26,2666,80.852269530000001,27.517121620000001
Hathras,UTTAR PRADESH,26,2675,78.164435650000001,27.581725700000000
Etah,UTTAR PRADESH,26,2621,78.717416639999996,27.515556419999999
Hardoi,UTTAR PRADESH,26,2633,80.161603580000005,27.330361629999999
Farrukhabad,UTTAR PRADESH,26,2624,79.458667640000002,27.431357410000000
Firozabad,UTTAR PRADESH,26,2623,78.526424939999998,27.187246120000001
Siddharthnagar,UTTAR PRADESH,26,2665,82.873356340000001,27.270265299999998
Mainpuri,UTTAR PRADESH,26,2649,79.052106690000002,27.182461350000001
Mahrajganj,UTTAR PRADESH,26,2647,83.530559940000003,27.200579479999998
Agra,UTTAR PRADESH,26,2601,78.075961230000004,27.036294000000002
Gonda,UTTAR PRADESH,26,2630,82.025337179999994,27.083414430000001
Bara Banki,UTTAR PRADESH,26,2612,81.332459510000007,26.939061169999999
Kushinagar,UTTAR PRADESH,26,2643,83.933935280000000,26.862762849999999
Kannauj,UTTAR PRADESH,26,2638,79.688694060000003,27.013622620000000
Lucknow,UTTAR PRADESH,26,2645,80.905531330000002,26.841999930000000
Basti,UTTAR PRADESH,26,2614,82.625749279999994,26.820065450000001
Gorakhpur,UTTAR PRADESH,26,2631,83.359070099999997,26.656097490000001
Sant Kabir Nagar,UTTAR PRADESH,26,2661,83.027264310000007,26.775575990000000
Unnao,UTTAR PRADESH,26,2669,80.560600960000002,26.609385150000001
Etawah,UTTAR PRADESH,26,2622,79.094770199999999,26.764175120000001
Kanpur Nagar,UTTAR PRADESH,26,2640,80.208222489999997,26.391109340000000
Auraiya,UTTAR PRADESH,26,2605,79.479115809999996,26.658193630000000
Faizabad,UTTAR PRADESH,26,2626,81.997143820000005,26.657578279999999
Kanpur Dehat,UTTAR PRADESH,26,2639,79.852950550000003,26.439653620000001
Deoria,UTTAR PRADESH,26,2620,83.834562419999997,26.425499909999999
Sultanpur,UTTAR PRADESH,26,2668,82.224892560000001,26.242998430000000
Ambedkar Nagar,UTTAR PRADESH,26,2604,82.666141479999993,26.418583689999998
Rae Bareli,UTTAR PRADESH,26,2658,81.134846109999998,26.225660869999999
Jalaun,UTTAR PRADESH,26,2634,79.385810440000000,26.091201869999999
Azamgarh,UTTAR PRADESH,26,2606,83.067328759999995,26.045522670000000
Mau,UTTAR PRADESH,26,2651,83.561817640000001,26.047482209999998
Fatehpur,UTTAR PRADESH,26,2625,80.807741879999995,25.874908600000001
Ballia,UTTAR PRADESH,26,2610,84.102771680000004,25.876190600000001
Jaunpur,UTTAR PRADESH,26,2635,82.575006310000006,25.746319889999999
Jhansi,UTTAR PRADESH,26,2636,78.950590379999994,25.508153050000001
Banda,UTTAR PRADESH,26,2611,80.557416059999994,25.470961190000001
Ghazipur,UTTAR PRADESH,26,2629,83.555571850000007,25.623986210000002
Kaushambi,UTTAR PRADESH,26,2641,81.415037170000005,25.498475030000002
Prayagraj,UTTAR PRADESH,26,2603,81.960177450000003,25.304032700000000
Varanasi,UTTAR PRADESH,26,2670,82.913986080000001,25.388296239999999
Chitrakoot,UTTAR PRADESH,26,2619,81.077584130000005,25.206247260000001
Chandauli,UTTAR PRADESH,26,2618,83.258148109999993,25.141521520000001
Bhadohi,UTTAR PRADESH,26,2670,82.464154410000006,25.347951970000000
Mirzapur,UTTAR PRADESH,26,2653,82.607348979999998,24.986638100000000
Lalitpur,UTTAR PRADESH,26,2644,78.561953779999996,24.653453760000001
Sonbhadra,UTTAR PRADESH,26,2667,83.051175950000001,24.408367559999999
Amethi,UTTAR PRADESH,26,2672,81.640108479999995,26.288046880000000
Ghaziabad,UTTAR PRADESH,26,2628,77.476057949999998,28.767776210000001
Sambhal,UTTAR PRADESH,26,2677,78.551807670000002,28.454765540000000
Mahoba,UTTAR PRADESH,26,2648,79.734010100000006,25.367136439999999
Saharanpur,UTTAR PRADESH,26,2660,77.546714719999997,29.951228449999999
Bijnor,UTTAR PRADESH,26,2615,78.388846839999999,29.386261390000001
Muzaffarnagar,UTTAR PRADESH,26,2655,77.725276050000005,29.415682149999999
Baghpat,UTTAR PRADESH,26,2607,77.308475659999999,29.056955590000001
Meerut,UTTAR PRADESH,26,2652,77.782687150000001,29.036413710000001
Moradabad,UTTAR PRADESH,26,2654,78.787755739999994,28.899256900000001
Rampur,UTTAR PRADESH,26,2659,79.115097509999998,28.809899699999999
Shamli,UTTAR PRADESH,26,2678,77.282351930000004,29.500362200000001
Balrampur,UTTAR PRADESH,26,527,82.375302599999998,27.483915440000001
Hamirpur,UTTAR PRADESH,26,910,79.865367250000006,25.751031420000000
Pratapgarh,UTTAR PRADESH,26,2233,81.829101260000002,25.872756460000002
Uttarkashi,UTTARAKHAND,27,2713,78.607337169999994,30.972945690000000
Chamoli,UTTARAKHAND,27,2703,79.577108300000006,30.494257130000001
Dehradun,UTTARAKHAND,27,2705,77.967537949999993,30.472231180000001
Tehri Garhwal,UTTARAKHAND,27,2711,78.535522670000006,30.436621779999999
Rudraprayag,UTTARAKHAND,27,2710,79.052453880000002,30.506993399999999
Pithoragarh,UTTARAKHAND,27,2709,80.345362980000004,30.112542489999999
Bageshwar,UTTARAKHAND,27,2702,79.858945259999999,29.996485900000000
Hardwar,UTTARAKHAND,27,2706,77.996033600000004,29.881452840000001
Garhwal,UTTARAKHAND,27,2708,78.763762249999999,29.880026630000000
"Almora
",UTTARAKHAND,27,2701,79.504041670000007,29.690823099999999
Nainital,UTTARAKHAND,27,2707,79.463203609999994,29.317359430000000
Champawat,UTTARAKHAND,27,2704,80.069096999999999,29.281033900000001
Udham Singh Nagar,UTTARAKHAND,27,2712,79.470951900000003,29.041987400000000
South Twenty Four Pargan*,WEST BENGAL,28,2818,88.513812400000006,22.183040550000001
Darjiling,WEST BENGAL,28,2805,88.262889180000002,26.853333740000000
Jalpaiguri,WEST BENGAL,28,2808,88.760911230000005,26.681379530000001
Dakshin Dinajpur,WEST BENGAL,28,2804,88.575021469999996,25.367185689999999
Maldah,WEST BENGAL,28,2811,88.088638849999995,25.142119350000002
Murshidabad,WEST BENGAL,28,2814,88.228823750000004,24.170764540000000
Birbhum,WEST BENGAL,28,2803,87.663315139999995,23.954632629999999
Nadia,WEST BENGAL,28,2815,88.516713940000002,23.478662669999999
Purba Bardhaman,WEST BENGAL,28,2802,87.947180250000002,23.359793740000001
Puruliya,WEST BENGAL,28,2817,86.421369929999997,23.277163370000000
Bankura,WEST BENGAL,28,2801,87.135876379999999,23.139188440000002
North Twenty Four Pargan*,WEST BENGAL,28,2816,88.730527699999996,22.726994810000001
Hooghly,WEST BENGAL,28,2807,88.072479720000004,22.883573710000000
Medinipur West,WEST BENGAL,28,2813,87.417311150000003,22.439239579999999
Howrah,WEST BENGAL,28,2806,88.063689510000003,22.523771119999999
Kolkata,WEST BENGAL,28,2810,88.343816430000004,22.558518729999999
Purba Medinipur,WEST BENGAL,28,2812,87.772056440000000,22.031562650000001
Alipurduar,WEST BENGAL,28,2820,89.456764000000007,26.630568790000002
Paschim Bardhaman,WEST BENGAL,28,2802,87.160162690000007,23.661372369999999
Kalimpong,WEST BENGAL,28,2821,88.628946970000001,27.033303260000000
Jhargram,WEST BENGAL,28,2822,86.955822929999997,22.363022590000000
Cooch Behar,WEST BENGAL,28,2809,89.346414580000001,26.292382969999998
Uttar Dinajpur,WEST BENGAL,28,2819,88.157244950000006,25.888523950000000
Thiruvallur,TAMIL NADU,24,2423,79.946424750000006,13.239045160000000
Chennai,TAMIL NADU,24,2402,80.224582260000005,13.008973879999999
Krishnagiri,TAMIL NADU,24,2411,78.031389779999998,12.490632070000000
Tiruvannamalai,TAMIL NADU,24,2427,79.166165890000002,12.432411780000001
Dharmapuri,TAMIL NADU,24,2405,78.193188460000002,12.100638460000001
Salem,TAMIL NADU,24,2418,78.222509189999997,11.677698080000001
Erode,TAMIL NADU,24,2407,77.412736859999995,11.518220720000000
The Nilgiris,TAMIL NADU,24,2421,76.640330590000005,11.455802960000000
Namakkal,TAMIL NADU,24,2414,78.135597099999998,11.318838350000000
Perambalur,TAMIL NADU,24,2415,78.890299940000006,11.274534670000000
Coimbatore,TAMIL NADU,24,2403,76.975654969999994,10.877520219999999
Tiruchirappalli,TAMIL NADU,24,2425,78.569967579999997,10.891058320000001
Ariyalur,TAMIL NADU,24,2401,79.242391139999995,11.162222910000001
Tiruppur,TAMIL NADU,24,2432,77.407053669999996,10.839121820000001
Thanjavur,TAMIL NADU,24,2420,79.240679909999997,10.671478440000000
Karur,TAMIL NADU,24,2410,78.134513119999994,10.844374439999999
Thiruvarur,TAMIL NADU,24,2424,79.529182840000004,10.702623579999999
Dindigul,TAMIL NADU,24,2406,77.819639300000006,10.391843229999999
Madurai,TAMIL NADU,24,2412,78.005059979999999,9.922848921000000
Theni,TAMIL NADU,24,2422,77.438384110000001,9.891934715000000
Virudhunagar,TAMIL NADU,24,2431,77.905793029999998,9.492214842999999
Thoothukkudi,TAMIL NADU,24,2428,78.004073689999998,8.891313092000001
Kanniyakumari,TAMIL NADU,24,2409,77.360174029999996,8.307239671000000
Viluppuram,TAMIL NADU,24,2430,79.530309389999999,12.118714020000001
Cuddalore,TAMIL NADU,24,2404,79.449277629999997,11.534923030000000
Pudukkottai,TAMIL NADU,24,2416,78.879932909999994,10.360228220000000
Sivaganga,TAMIL NADU,24,2419,78.590363749999995,9.919798692000001
Ramanathapuram,TAMIL NADU,24,2417,78.688133030000003,9.450074902000001
Nagapattinam,TAMIL NADU,24,2413,79.743768959999997,10.550039240000000
Kallakurichi,TAMIL NADU,24,2434,79.010559389999997,11.797772589999999
Tenkasi,TAMIL NADU,24,2437,77.459972960000002,9.087463680000001
Tirunelveli,TAMIL NADU,24,2426,77.603871710000007,8.574744109999999
Vellore,TAMIL NADU,24,2429,78.954287590000007,12.901131149999999
Ranipet,TAMIL NADU,24,2436,79.459099280000004,12.952279740000000
Tirupathur,TAMIL NADU,24,2438,78.643651329999997,12.584685199999999
Kancheepuram,TAMIL NADU,24,2408,79.827711039999997,12.826309320000000
Chengalpattu,TAMIL NADU,24,2433,79.996525469999995,12.573550320000001
